SNR(dB),802.11a-rate selected,802.11a-observed
27.0,54.0,24.322
26.0,54.0,25.1494
25.0,54.0,25.1167
24.0,54.0,25.0429
23.0,54.0,25.2805
22.0,54.0,25.2068
21.0,54.0,25.215
20.0,54.0,25.0429
19.0,54.0,24.5268
18.0,54.0,21.2746
17.0,36.0,20.9715
16.0,36.0,18.8416
15.0,36.0,19.9311
14.0,36.0,19.7837
13.0,36.0,19.0874
12.0,24.0,14.6063
11.0,24.0,15.4419
10.0,24.0,15.2453
9.0,24.0,11.5098
8.0,18.0,12.46
7.0,18.0,12.4273
6.0,18.0,9.37165
5.0,12.0,9.16685
4.0,12.0,8.65075
3.0,9.0,6.39795
